                  epoch,         train/box_loss,         train/cls_loss,         train/dfl_loss,   metrics/precision(B),      metrics/recall(B),       metrics/mAP50(B),    metrics/mAP50-95(B),           val/box_loss,           val/cls_loss,           val/dfl_loss,                 lr/pg0,                 lr/pg1,                 lr/pg2
                      1,                 1.3551,                 2.7078,                 1.3525,                 0.4946,                0.14673,                0.16883,                 0.0952,                 1.4847,                 3.1966,                  1.369,             0.00054826,             0.00054826,             0.00054826
                      2,                 1.4598,                 2.2391,                  1.414,                0.20779,                0.28712,                0.15117,                0.06074,                 1.7862,                 3.3523,                  1.708,             0.00088535,             0.00088535,             0.00088535
                      3,                 1.4787,                 2.1774,                 1.4376,                0.38548,                0.41747,                0.31653,                0.15118,                 1.6138,                 2.4575,                 1.4454,              0.0010024,              0.0010024,              0.0010024
                      4,                 1.4081,                  1.978,                 1.4038,                0.42654,                0.48153,                0.39391,                0.21097,                 1.4304,                 2.2075,                 1.3376,              0.0006768,              0.0006768,              0.0006768
                      5,                  1.391,                 1.8792,                 1.3651,                0.44462,                0.44812,                0.39772,                0.21335,                  1.485,                 2.0988,                 1.3977,              0.0006768,              0.0006768,              0.0006768
